compound,predicted_pchembl,experimental_pchembl,max_tanimoto_to_train,inside_AD,predicted_class,smiles
CHEMBL248221,7.823,7.28,0.916,True,active,COc1cc2ncc(C#N)c(N[C@@H]3C[C@H]3c3ccccc3)c2cc1OCCCN1CCOCC1
CHEMBL6160966,7.792,5.88,0.652,True,active,C=CC(=O)Nc1ccc(OC)c(Nc2cc(-c3[nH]c(SC)nc3-c3cccc(NC(=O)c4cccc(O)c4CN4Cc5ccccc5C4=O)c3)ccn2)c1
CHEMBL6159659,7.737,6.09,0.644,True,active,C=CC(=O)Nc1ccc(OC)c(Nc2cc(-c3[nH]c(SC)nc3-c3cccc(NC(=O)c4ccccc4CN4Cc5ccccc5C4=O)c3)ccn2)c1
CHEMBL4207425,7.706,6.79,1.0,True,active,C=CC(=O)N[C@@H]1CCN(c2nc(Nc3ccc(N4CCN(C)CC4)cc3)c3ncn(C(C)C)c3n2)C1
CHEMBL4211782,7.634,8.52,0.75,True,active,C=CC(=O)Nc1cccc(Oc2nc(Nc3cnn(CCN(C)C)c3)nc3[nH]ccc23)c1
CHEMBL4068763,7.467,8.41,0.714,True,active,C=CC(=O)Nc1cc(Nc2n[nH]c3cc(Nc4cccc(F)c4)ccc23)c(OC)cc1N(C)CCN(C)C
CHEMBL4206604,7.174,6.79,0.83,True,active,CC(=O)N1CC[C@H](Nc2nc(Nc3ccc(N4CCN(C)CC4)cc3)c3ncn(C(C)C)c3n2)C1
CHEMBL3781993,7.131,8.4,0.36,False,active,CN1CCN(c2ccc(NC(=O)c3c(Nc4ccnc(N)n4)cc[nH]c3=O)cc2)CC1
CHEMBL4203072,7.084,6.74,1.0,True,active,C=CC(=O)N[C@@H]1CCN(c2nc(Nc3cnn(C)c3)c3ncn(C(C)C)c3n2)C1
CHEMBL4216749,7.026,8.7,0.475,True,active,C=CC(=O)Nc1cccc(Oc2nc(Nc3cnn(CCN(C)C)c3)nc3[nH]ccc23)c1F
CHEMBL3787327,7.021,6.23,0.66,True,active,C=CC(=O)N1CC[C@@H](COc2nc(Nc3cnn(C)c3)nc3[nH]ccc23)C1
CHEMBL3781462,7.013,7.11,0.307,False,active,COc1ccccc1Nc1cc[nH]c(=O)c1C(=O)Nc1ccc(N2CCN(C)CC2)nc1
CHEMBL5279275,6.989,8.92,0.636,True,active,CC(C)n1cc(C(=O)NC2CCOCC2)c2cnc(Nc3ccnc(-c4cnn(S(=O)(=O)C5CC5)c4)n3)cc21
CHEMBL4204498,6.972,7.25,0.625,True,active,C=CC(=O)N1C[C@H](Nc2nc(Nc3cnn(C)c3)c3ncn(C(C)C)c3n2)[C@@H](F)C1
CHEMBL6102389,6.968,8.85,0.424,True,active,CCc1cn2nc(Nc3ccnc(N4CC[C@@H](OC)[C@@H](F)C4)n3)cc2n1C1CCC2(CC1)OCCO2
CHEMBL6145212,6.966,9.17,0.378,False,active,CO[C@@H]1CCN(c2nccc(Nc3cc4n(C5CCC6(CC5)OCCO6)c(C(=O)NCC5CCN(C)CC5)cn4n3)n2)C[C@@H]1F
CHEMBL6108977,6.964,7.68,0.433,True,active,Cc1cn2nc(Nc3ccnc(N4CC[C@@H](O)[C@@H](F)C4)n3)cc2n1C1CCC2(CC1)OCCO2
CHEMBL6133223,6.93,9.01,0.409,True,active,CCNC(=O)c1cn2nc(Nc3ccnc(N4CC[C@@H](OC)[C@@H](F)C4)n3)cc2n1C1CCC2(CC1)OCCO2
CHEMBL6146381,6.916,9.02,0.383,False,active,CO[C@@H]1CCN(c2nccc(Nc3cc4n(C5CCC6(CC5)OCCO6)c(C(=O)NCC5CN(C)C5)cn4n3)n2)C[C@@H]1F
CHEMBL3781988,6.908,6.97,0.327,False,active,CN1CCN(c2ccc(NC(=O)c3c(Nc4ccccn4)cc[nH]c3=O)cc2)CC1
CHEMBL6103287,6.9,8.27,0.421,True,active,CO[C@@H]1CCN(c2nccc(Nc3cc4n(C5CCC6(CC5)OCCO6)c(C5CC5)cn4n3)n2)C[C@@H]1F
CHEMBL4209368,6.891,6.98,0.677,True,active,C=CC(=O)N1CC[C@@H](Nc2nc(Nc3cnn(C)c3)c3ncn(C(C)C)c3n2)C1
CHEMBL4211367,6.883,8.52,0.592,True,active,C=CC(=O)N1C[C@H](Nc2nc(Nc3cnn(C)c3)nc3[nH]cc(Cl)c23)[C@@H](F)C1
CHEMBL3781344,6.863,7.02,0.321,False,active,CN1CCN(c2ccc(NC(=O)c3c(Nc4ccncn4)cc[nH]c3=O)cc2)CC1
CHEMBL6142591,6.862,8.24,0.442,True,active,CO[C@@H]1CCN(c2nccc(Nc3cc4n(C5CCC6(CC5)OCCO6)c(C)cn4n3)n2)C[C@@H]1F
CHEMBL6147282,6.847,8.11,0.421,True,active,O[C@@H]1CCN(c2nccc(Nc3cc4n(C5CCC6(CC5)OCCO6)c(C(F)(F)F)cn4n3)n2)C[C@@H]1F
CHEMBL248425,6.799,7.28,0.734,True,active,COc1cc2ncc(C#N)c(N[C@@H]3C[C@H]3c3cccc(Br)c3)c2cc1OC
CHEMBL5274166,6.795,8.96,0.644,True,active,CC(C)n1cc(C(N)=O)c2cnc(Nc3ccnc(-c4cnn(S(=O)(=O)C5CC5)c4)n3)cc21
CHEMBL6092020,6.76,8.55,0.4,True,active,CO[C@@H]1CCN(c2nccc(Nc3cc4n(C5CCC6(CC5)OCCO6)c([C@H]5CCCO5)cn4n3)n2)C[C@@H]1F
CHEMBL1682557,6.758,7.17,0.3,False,active,CN(C)CCn1cnc(-c2ccc(F)cc2)c1-c1ccc2[nH]ncc2c1
CHEMBL3758862,6.752,7.8,0.567,True,active,CC1(C)OCc2c(Nc3n[nH]c4c(Cl)cc(F)cc34)nc(-c3cn[nH]c3)nc21
LORLATINIB,6.749,7.25,0.518,True,active,C[C@H]1Oc2cc(cnc2N)-c2c(nn(C)c2C#N)CN(C)C(=O)c2ccc(F)cc21
CHEMBL5282384,6.745,8.96,0.588,True,active,CC(C)n1cc(C(=O)NC2COC2)c2cnc(Nc3ccnc(-c4cnn(S(=O)(=O)C5CC5)c4)n3)cc21
CHEMBL6078330,6.744,7.96,0.416,True,active,CO[C@@H]1CCN(c2nccc(Nc3cc4n(C5CCC6(CC5)OCCO6)c(C#N)cn4n3)n2)C[C@@H]1F
CHEMBL6083000,6.731,8.0,0.452,True,active,Cc1cn2nc(Nc3ccnc(N4CC[C@@H](O)[C@@H](F)C4)n3)cc2n1C1C2CCCC1C2
CHEMBL3760072,6.73,7.98,0.579,True,active,CC1(C)OCc2c(Nc3n[nH]c4c(F)cc(F)cc34)nc(-c3cn[nH]c3)nc21
CHEMBL6141640,6.728,8.68,0.414,True,active,CCc1cn2nc(Nc3ccnc(N4CC[C@@H](OC)[C@@H](F)C4)n3)cc2n1[C@H]1CC[C@]2(CCN(C)C2=O)CC1
CHEMBL246419,6.716,7.44,0.688,True,active,COc1cc2ncc(C#N)c(N[C@@H]3C[C@H]3c3ccccc3F)c2cc1OC
CHEMBL6091957,6.704,7.36,0.425,True,active,CO[C@@H]1CCN(c2nccc(Nc3cc4n(C(C)C)c(C)cn4n3)n2)CC1(C)C
CHEMBL6102371,6.695,7.82,0.414,True,active,COC1CCN(c2nccc(Nc3cc4n(C5CCC6(CC5)OCCO6)c(C)cn4n3)n2)CC1
CHEMBL6149770,6.67,8.2,0.434,True,active,CO[C@@H]1CCN(c2nccc(Nc3cc4n(cc(C)n4[C@H]4CC[C@@]5(CCNC5=O)CC4)n3)n2)C[C@@H]1F
CHEMBL3354184,6.655,6.14,0.455,True,active,O=C(Nc1ccnc(Nc2ccnc(N3CCC(O)CC3)n2)c1)c1c(Cl)cccc1Cl
CHEMBL6144787,6.649,7.9,0.433,True,active,CN1CCC2(CCC(n3c(C(F)(F)F)cn4nc(Nc5ccnc(N6CC[C@@H](O)[C@@H](F)C6)n5)cc34)CC2)C1=O
CHEMBL6142905,6.647,7.5,0.429,True,active,COC1CCN(c2nccc(Nc3cc4n([C@@H]5CC[C@H](C)C5)c(C)cn4n3)n2)CC1
CHEMBL6134747,6.647,8.0,0.429,True,active,COC1CCN(c2nccc(Nc3cc4n([C@H]5CC[C@H](C)C5)c(C)cn4n3)n2)CC1
CHEMBL1682560,6.644,8.1,0.292,False,active,Fc1ccc(-c2ncn(C3CCN(Cc4ccccc4)C3)c2-c2ccc3[nH]ncc3c2)cc1
CHEMBL6148402,6.644,7.57,0.425,True,active,COC1CCN(c2nccc(Nc3cc4n(C5CCC(=O)CC5)c(C)cn4n3)n2)CC1
CHEMBL6148149,6.642,7.56,0.453,True,active,CO[C@@H]1CCN(c2nccc(Nc3cc4n(C5CC6(C5)OCCO6)c(C)cn4n3)n2)C[C@@H]1F
CHEMBL4206481,6.632,8.4,0.573,True,active,C=CC(=O)N1CC[C@@H](Nc2nc(Nc3cnn(C)c3)nc3[nH]cc(Cl)c23)C1
CHEMBL6141567,6.63,8.25,0.434,True,active,CO[C@@H]1CCN(c2nccc(Nc3cc4n(cc(C)n4[C@H]4CC[C@@]5(CCN(C)C5=O)CC4)n3)n2)C[C@@H]1F
CHEMBL245996,6.61,7.1,0.765,True,active,COc1cc2ncc(C#N)c(N[C@@H]3C[C@H]3c3ccc(Oc4ccccc4)cc3)c2cc1OC
CHEMBL3352835,6.609,6.13,0.475,True,active,COC1CCN(c2nccc(Nc3cc(NC(=O)c4c(Cl)cccc4Cl)ccn3)n2)CC1
CHEMBL3354193,6.58,5.72,0.613,True,active,COC1CCN(c2nccc(Nc3cc4c(cn3)[nH]c(=O)n4C(C)C)n2)CC1
R-343,6.575,7.46,0.442,True,active,CNC(=O)COc1cccc(Nc2ncc(F)c(Nc3ccc4c(c3)NC(=O)C(F)(F)O4)n2)c1
CHEMBL6149778,6.559,7.61,0.453,True,active,CCc1coc(-n2c(C)cn3nc(Nc4ccnc(N5CC[C@@H](OC)[C@@H](F)C5)n4)cc23)n1
CHEMBL6102656,6.539,7.5,0.442,True,active,COC1CCN(c2nccc(Nc3cc4n(cc(C)n4[C@H]4CC[C@H](O)CC4)n3)n2)CC1
CHEMBL400742,6.505,6.66,0.763,True,active,COc1cc2ncc(C#N)c(N[C@@H]3C[C@H]3c3ccc(Br)cc3)c2cc1OC
CHEMBL6147901,6.502,6.02,0.464,True,active,COC1CCN(c2nccc(Nc3cc4n(C5CC5)c(C)cn4n3)n2)CC1
CHEMBL247196,6.502,7.36,0.763,True,active,COc1cc2ncc(C#N)c(N[C@@H]3C[C@H]3c3ccc(Cl)cc3)c2cc1OC
CHEMBL6142840,6.498,6.81,0.46,True,active,CO[C@@H]1CCN(c2nccc(Nc3cc4n(-c5ccn(C)n5)c(C)cn4n3)n2)C[C@@H]1F
CHEMBL3354191,6.488,6.5,0.579,True,active,COC1CCN(c2nccc(Nc3cc4c(cn3)c(N)nn4C(C)C)n2)CC1
CHEMBL6120341,6.479,7.65,0.469,True,active,CO[C@@H]1CCN(c2nccc(Nc3cc4n(-c5ncc(C)s5)c(C)cn4n3)n2)C[C@@H]1F
CHEMBL3758981,6.477,6.29,0.526,True,active,CN(c1nc(-c2cn[nH]c2)nc2c1COC2(C)C)c1n[nH]c2ccccc12
CHEMBL6103122,6.469,7.66,0.477,True,active,CO[C@@H]1CCN(c2nccc(Nc3cc4n(-c5ncc(Cl)cn5)c(C)cn4n3)n2)C[C@@H]1F
CHEMBL3758773,6.455,7.65,0.685,True,active,CC1(C)OCc2c(Nc3n[nH]c4cc(Cl)ccc34)nc(-c3cn[nH]c3)nc21
CHEMBL3735725,6.452,7.12,0.561,True,active,COC1CCN(c2nccc(Nc3cc4c(cn3)ncn4C3CCOCC3)n2)CC1
CHEMBL3354192,6.448,6.21,0.538,True,active,COC1CCN(c2nccc(Nc3cc4c(C(C)C)n[nH]c4cn3)n2)CC1
CHEMBL3780563,6.445,7.29,0.297,False,active,COc1ccccc1Nc1cc[nH]c(=O)c1C(=O)Nc1ccc(CN2CCN(C)CC2)cc1
CHEMBL6134123,6.437,7.71,0.426,True,active,CO[C@@H]1CCN(c2nccc(Nc3cc4n(-c5ccc6c(c5)OCCO6)c(C)cn4n3)n2)C[C@@H]1F
CHEMBL3735410,6.418,6.82,0.475,True,active,CC(C)n1cnc2cnc(Nc3ccnc(N4CCC(C(N)=O)CC4)n3)cc21
CHEMBL3780320,6.405,7.58,0.317,False,active,COc1ccccc1Nc1cc[nH]c(=O)c1C(=O)Nc1ccc(N2CCN(C)CC2)c(C)c1
CHEMBL5268573,6.403,7.54,0.55,True,active,COC1CCN(c2nccc(Nc3cc4c(cn3)c(C(N)=O)nn4C(C)C)n2)CC1
CHEMBL6109194,6.399,7.43,0.586,True,active,CO[C@@H]1CCN(c2nccc(Nc3cc4n(C(C)C)c(C)cn4n3)n2)C[C@@H]1F
CHEMBL4099089,6.383,6.28,0.359,False,active,C[C@H](Nc1nc(N)nc2[nH]c3ccc(O)cc3c12)c1ccccc1
CHEMBL4088941,6.383,6.04,0.359,False,active,C[C@@H](Nc1nc(N)nc2[nH]c3ccc(O)cc3c12)c1ccccc1
CHEMBL6078531,6.379,7.04,0.48,True,active,COC1CCN(c2nccc(Nc3cc4c(C(C)C)c(C)[nH]c4nn3)n2)CC1
CHEMBL3759499,6.377,8.7,0.685,True,active,CC1(C)OCc2c(Nc3n[nH]c4cc(F)ccc34)nc(-c3cn[nH]c3)nc21
CHEMBL3781676,6.371,6.84,0.33,False,active,CN1CCN(c2ccc(NC(=O)c3c(Nc4ccncc4N)cc[nH]c3=O)cc2)CC1
CHEMBL6078432,6.357,8.02,0.542,True,active,Cc1cn2nc(Nc3ccnc(-c4cnn(S(=O)(=O)C5CC5)c4)n3)cc2n1C(C)C
CHEMBL3734928,6.355,6.83,0.556,True,active,COC1CCN(c2nccc(Nc3cc4c(cn3)ncn4C3CCOC3)n2)CC1
CHEMBL3354186,6.347,6.94,0.542,True,active,COC1CCN(c2nccc(Nc3cc4[nH]c(-c5cn[nH]c5)cc4cn3)n2)CC1
CHEMBL6149219,6.344,5.21,0.5,True,active,COC1CCN(c2nccc(Nc3cc4n(C)c(C)cn4n3)n2)CC1
CHEMBL5282852,6.341,8.28,0.55,True,active,COC1CCN(c2nccc(Nc3cc4c(cn3)c(C(N)=O)cn4C(C)C)n2)CC1
CHEMBL3758830,6.329,7.24,0.535,True,active,Cn1nc(Nc2nc(-c3cn[nH]c3)nc3c2COC3(C)C)c2cccc(F)c21
CHEMBL3736178,6.327,7.06,0.611,True,active,COC1CCN(c2nccc(Nc3cc4c(cn3)ncn4C3CC3)n2)CC1
CHEMBL3758283,6.318,8.1,0.693,True,active,CC1(C)OCc2c(Nc3n[nH]c4ccc(F)cc34)nc(-c3cn[nH]c3)nc21
CHEMBL1682558,6.315,7.77,0.301,False,active,Fc1ccc(-c2ncn(CCN3CCOCC3)c2-c2ccc3[nH]ncc3c2)cc1
CHEMBL2437296,6.313,4.56,0.237,False,active,Cc1ccc(-c2csc(=N)n2CC(=O)N2CCN(C)CC2)cc1
CHEMBL2437294,6.3,5.21,0.239,False,active,CC(=O)N1CCN(C(=O)Cn2c(-c3ccc(C)cc3)csc2=N)CC1
CHEMBL6091992,6.279,6.75,0.553,True,active,COC1CCN(c2nccc(Nc3cc4n(C(C)C)c(C)cn4n3)n2)CC1
CHEMBL3735927,6.278,6.31,0.674,True,active,COC1(CN(C)C)CCN(c2nccc(Nc3cc4c(cn3)nc(C)n4C(C)C)n2)CC1
CHEMBL3354189,6.277,6.26,0.552,True,active,COC1CCN(c2nccc(Nc3cc4c(ccn4C4CCCC4)cn3)n2)CC1
CHEMBL3758700,6.267,8.4,0.583,True,active,CC1(C)OCc2c(Nc3n[nH]c4c(Cl)c(F)ccc34)nc(-c3cn[nH]c3)nc21
CHEMBL5194946,6.256,6.77,0.383,False,active,Nc1nc(Nc2ccc(COc3cccc(F)c3)cc2)c2c(n1)[nH]c1ccc(O)cc12
CHEMBL2437297,6.256,4.78,0.209,False,active,CC(=O)N1CCN(C(=O)Cn2c(-c3ccccc3)csc2=N)CC1
CHEMBL3354185,6.253,7.29,0.591,True,active,COC1CCN(c2nccc(Nc3cc4[nH]c(-c5cn[nH]c5)nc4cn3)n2)CC1
CHEMBL3734825,6.253,7.7,0.602,True,active,COC1CCN(c2nccc(Nc3cc4c(cn3)ncn4C3CCCC3)n2)CC1
CHEMBL1290072,6.252,6.4,0.39,False,active,COc1ccc(CNc2ccnc3oc4ccccc4c23)cc1
CHEMBL3758954,6.249,6.13,0.615,True,active,CC1(C)OCc2c(Nc3nsc4ccccc34)nc(-c3cn[nH]c3)nc21
CHEMBL3758958,6.241,7.77,0.622,True,active,CC1(C)OCc2c(Nc3c[nH]c4ccccc34)nc(-c3cn[nH]c3)nc21
CHEMBL3735638,6.235,6.91,0.642,True,active,Cc1nc2cnc(Nc3ccnc(N4CCC(C)(C(N)=O)C4)n3)cc2n1C(C)C
CHEMBL1290071,6.234,6.17,0.273,False,active,c1ccc2c(CNc3ccnc4oc5ccccc5c34)cccc2c1
CHEMBL2437295,6.228,5.07,0.239,False,active,CC(=O)N1CCN(C(=O)Cn2c(-c3ccc(Cl)cc3)csc2=N)CC1
CHEMBL3781805,6.214,6.2,0.252,False,active,COc1ccccc1Nc1cc[nH]c(=O)c1C(=O)Nc1ccc(N2CCC(C)CC2)cc1
CHEMBL3758948,6.208,6.87,0.611,True,active,CC1(C)OCc2c(Nc3n[nH]c4c(C(F)(F)F)cccc34)nc(-c3cn[nH]c3)nc21
CHEMBL6083124,6.206,7.82,0.542,True,active,COC1CCN(c2nccc(Nc3cc4c(C(C)C)c(C)nn4cn3)n2)CC1
CHEMBL3736409,6.206,7.32,0.598,True,active,COC1CCN(c2nccc(Nc3cc4c(cn3)ncn4C3CCC3)n2)CC1
CHEMBL3735335,6.206,7.75,0.573,True,active,COC1CCN(c2nccc(Nc3cc4c(cn3)ncn4C3CCCCC3)n2)CC1
CHEMBL3354194,6.206,5.82,0.547,True,active,COC1CCN(c2nccc(Nc3cc4c(cn3)CCN4C(C)C)n2)CC1
CHEMBL2437299,6.205,4.64,0.278,False,active,Cc1ccc(-c2csc(=N)n2CC(=O)N2CCOCC2)cc1
CHEMBL3779957,6.199,7.92,0.318,False,active,COc1ccccc1Nc1cc[nH]c(=O)c1C(=O)Nc1ccc(N2CCCN(C)CC2)cc1
CHEMBL2437298,6.193,4.8,0.213,False,active,CN1CCN(C(=O)Cn2c(-c3ccc(Cl)cc3)csc2=N)CC1
CHEMBL6120788,6.186,6.44,0.49,True,active,COC1CCN(c2nccc(Nc3cc(-c4n[nH]cc4Br)on3)n2)CC1
CHEMBL3781897,6.183,7.82,0.283,False,active,COc1ccccc1Nc1cc[nH]c(=O)c1C(=O)Nc1ccc(C2CCN(C)CC2)cc1
CHEMBL3780090,6.183,5.96,0.322,False,active,COc1ccccc1Nc1cc[nH]c(=O)c1C(=O)Nc1ccc(N2CCN(C)CC2)cc1
CHEMBL3759002,6.183,6.07,0.557,True,active,Cc1cc(Nc2nc(-c3cn[nH]c3)nc3c2COC3(C)C)n[nH]1
CHEMBL1682559,6.176,7.57,0.333,False,active,Fc1ccc(-c2ncn(CCCN3CCOCC3)c2-c2ccc3[nH]ncc3c2)cc1
CHEMBL3354183,6.175,7.0,0.286,False,active,Cc1cc(Nc2cc(NC(=O)c3c(Cl)cccc3Cl)ccn2)nc(N[C@@H](C)CO)n1
CHEMBL2437301,6.166,4.26,0.226,False,active,N=c1scc(-c2ccccc2)n1CC(=O)N1CCOCC1
CHEMBL3780509,6.164,7.51,0.289,False,active,CCc1cc(NC(=O)c2c(Nc3ccccc3OC)cc[nH]c2=O)ccc1N1CCN(C)CC1
CHEMBL3758602,6.161,8.7,0.643,True,active,CC1(C)OCc2c(Nc3n[nH]c4c(Cl)cccc34)nc(-c3cn[nH]c3)nc21
CHEMBL3759615,6.16,8.52,0.63,True,active,CC1(C)OCc2c(Nc3n[nH]c4c(F)cccc34)nc(-c3cn[nH]c3)nc21
CHEMBL3780175,6.151,7.43,0.263,False,active,COc1ccccc1Nc1cc[nH]c(=O)c1C(=O)Nc1ccc(N2CCS(=O)(=O)CC2)cc1
CHEMBL2437300,6.144,4.38,0.193,False,active,CN1CCN(C(=O)Cn2c(-c3ccccc3)csc2=N)CC1
CHEMBL3759442,6.143,7.07,0.537,True,active,CC1(C)OCc2c(Oc3n[nH]c4ccccc34)nc(-c3cn[nH]c3)nc21
CHEMBL4214266,6.13,6.96,0.283,False,active,O=[N+]([O-])c1ccc2[nH]c3nccc(NCc4cccc(Br)c4)c3c2c1
CHEMBL2437302,6.128,5.18,0.222,False,active,N=c1scc(-c2ccc(Cl)cc2)n1CC(=O)N1CCOCC1
CHEMBL3735559,6.122,6.71,0.461,True,active,Cc1nc2cnc(Nc3ccnc(/C=C/C(C)(C)C(N)=O)n3)cc2n1C(C)C
CHEMBL3354188,6.118,5.96,0.604,True,active,COC1CCN(c2nccc(Nc3cc4c(ccn4C(C)C)cn3)n2)CC1
CHEMBL4217976,6.118,5.69,0.327,False,active,COc1ccc(CNc2ccnc3oc4ccc([N+](=O)[O-])cc4c23)cc1
CHEMBL4217440,6.112,6.48,0.321,False,active,COc1cccc(CNc2ccnc3[nH]c4ccc([N+](=O)[O-])cc4c23)c1
CHEMBL3781338,6.096,6.2,0.333,False,active,CN1CCN(c2ccc(NC(=O)c3c(Nc4ccc(Cl)cc4)cc[nH]c3=O)cc2)CC1
CHEMBL3736094,6.088,6.7,0.606,True,active,CCn1cnc2cnc(Nc3ccnc(N4CCC(OC)CC4)n3)cc21
CHEMBL3759761,6.086,6.98,0.52,True,active,CC1(C)OCc2c(C(=O)c3n[nH]c4ccccc34)nc(-c3cn[nH]c3)nc21
CHEMBL3735689,6.085,7.66,0.461,True,active,Cc1nc2cnc(Nc3ccnc(NCC(C)(C)C(N)=O)n3)cc2n1C(C)C
CHEMBL3780073,6.082,5.63,0.333,False,active,Cc1ccccc1Nc1cc[nH]c(=O)c1C(=O)Nc1ccc(N2CCN(C)CC2)cc1
CHEMBL5288384,6.081,7.47,0.481,True,active,Cc1nc2cnc(Nc3ccnc(-c4cnn(CC5CC5)c4)n3)cc2n1C(C)C
CHEMBL4209480,6.077,6.85,0.337,False,active,Nc1ccc2[nH]c3nccc(NCc4cccc(Cl)c4)c3c2c1
CHEMBL3780484,6.076,6.84,0.364,False,active,CN1CCN(c2ccc(NC(=O)c3c(Nc4ccccc4)cc[nH]c3=O)cc2)CC1
CHEMBL1289977,6.075,5.46,0.346,False,active,c1ccc(CCNc2ccnc3oc4ccccc4c23)cc1
CHEMBL3354187,6.073,6.43,0.564,True,active,COC1CCN(c2nccc(Nc3cc4c(cn3)cc(-c3cn[nH]c3)n4C(C)C)n2)CC1
CHEMBL5281373,6.07,8.39,0.612,True,active,Cc1nc2cnc(Nc3ccnc(-c4cnn(S(=O)(=O)C5CC5)c4)n3)cc2n1C(C)C
CHEMBL3354195,6.068,5.82,0.613,True,active,COC1CCN(c2nccc(Nc3cc4c(ccc(=O)n4C(C)C)cn3)n2)CC1
CHEMBL3780955,6.067,5.83,0.37,False,active,CN1CCN(c2ccc(NC(=O)c3c(Nc4ccccc4Cl)cc[nH]c3=O)cc2)CC1
CHEMBL4206140,6.065,6.03,0.256,False,active,Nc1cccc(CNc2ccnc3oc4ccc(N)cc4c23)c1
CHEMBL3736480,6.065,6.18,0.462,True,active,Cc1nc2cnc(Nc3ccnc(SCC(C)(C)C(N)=O)n3)cc2n1C(C)C
CHEMBL4207398,6.056,7.1,0.311,False,active,O=[N+]([O-])c1ccc2[nH]c3nccc(NCc4cccc(Cl)c4)c3c2c1
CHEMBL3759135,6.055,8.25,0.644,True,active,CC1(C)OCc2c(Nc3n[nH]c4ccccc34)nc(-c3cscn3)nc21
CHEMBL3735045,6.048,7.19,0.744,True,active,Cc1nc2cnc(Nc3ccnc(N4CCC(S(C)(=O)=O)CC4)n3)cc2n1C(C)C
CHEMBL4061797,6.048,5.43,0.286,False,active,COc1ccc(CNc2nc(N)nc3[nH]c4ccc(O)cc4c23)cc1OC
CHEMBL3758646,6.039,6.41,0.612,True,active,CC1(C)OCc2c(Nc3n[nH]c(Cl)c3Cl)nc(-c3cn[nH]c3)nc21
CHEMBL3735157,6.038,6.49,0.49,True,active,Cc1nc2cnc(Nc3ccnc(/C=C/C(C)(C)O)n3)cc2n1C(C)C
CHEMBL4214387,6.034,6.96,0.293,False,active,Nc1ccc2[nH]c3nccc(NCc4cccc(Br)c4)c3c2c1
CHEMBL3735892,6.032,6.71,0.475,True,active,Cc1nc2cnc(Nc3ccnc(OCC(C)(C)C(N)=O)n3)cc2n1C(C)C
CHEMBL4099589,6.028,6.92,0.315,False,active,COc1ccc(CNc2nc(N)nc3[nH]c4ccc(O)cc4c23)cc1
CHEMBL3354190,6.024,6.25,0.659,True,active,COC1CCN(c2nccc(Nc3cc4c(cn3)ncn4C(C)C)n2)CC1
CHEMBL3736365,6.02,7.57,0.6,True,active,COC1CCN(c2nccc(Nc3cc4c(cn3)ncn4C(C)C(F)(F)F)n2)CC1
CHEMBL1289976,6.019,6.23,0.333,False,active,c1ccc(CNc2ccnc3oc4ccccc4c23)cc1
CHEMBL3736254,6.017,7.15,0.579,True,active,COC1CCN(c2nccc(Nc3cc4c(cn3)ncn4CC(F)(F)F)n2)CC1
CHEMBL5277269,6.012,7.75,0.461,True,active,Cc1nc2cnc(Nc3ccnc(-c4cnn(S(C)(=O)=O)c4)n3)cc2n1C(C)C
CHEMBL4213021,6.007,6.64,0.261,False,active,Nc1ccc2oc3nccc(NCc4cccc(Br)c4)c3c2c1
CHEMBL4073523,6.002,6.21,0.437,True,active,COc1cc2[nH]c3nc(N)nc(NCc4ccccc4)c3c2cc1O
CHEMBL3735848,6.001,7.11,0.689,True,active,COCC1(OC)CCN(c2nccc(Nc3cc4c(cn3)nc(C)n4C(C)C)n2)CC1
CHEMBL3735533,5.998,7.47,0.8,True,intermediate,Cc1nc2cnc(Nc3ccnc(N4CCC(O)CC4)n3)cc2n1C(C)C
CHEMBL4217461,5.987,5.56,0.302,False,intermediate,COc1cccc(CNc2ccnc3oc4ccc([N+](=O)[O-])cc4c23)c1
CHEMBL3735740,5.984,7.36,1.0,True,intermediate,CO[C@H]1CCN(c2nccc(Nc3cc4c(cn3)nc(C)n4C(C)C)n2)C[C@@H]1F
CHEMBL4203084,5.98,5.6,0.272,False,intermediate,O=[N+]([O-])c1ccc2oc3nccc(NCc4ccc(Cl)cc4)c3c2c1
CHEMBL4209187,5.974,6.09,0.253,False,intermediate,O=[N+]([O-])c1ccc2oc3nccc(NCc4ccc(Br)cc4)c3c2c1
CHEMBL3759935,5.972,7.77,0.613,True,intermediate,CC1(C)OCc2c(Nc3n[nH]c4cccc(F)c34)nc(-c3cn[nH]c3)nc21
CHEMBL2437291,5.956,5.53,0.304,False,intermediate,Cc1ccc(-c2csc(=N)n2CC(=O)N2CCN(c3ccccc3)CC2)cc1
CHEMBL3735250,5.955,7.85,0.613,True,intermediate,CCC(C)n1cnc2cnc(Nc3ccnc(N4CCC(OC)CC4)n3)cc21
CHEMBL4210187,5.954,6.77,0.324,False,intermediate,COc1cccc(CNc2ccnc3oc4ccc(N)cc4c23)c1
CHEMBL3780635,5.951,6.46,0.308,False,intermediate,CN1CCN(c2ccc(NC(=O)c3c(N)cc[nH]c3=O)cc2)CC1
CHEMBL4203339,5.942,6.4,0.317,False,intermediate,Nc1ccc2oc3nccc(NCc4cccc(Cl)c4)c3c2c1
CHEMBL3759696,5.94,6.13,0.682,True,intermediate,CC1(C)OCc2c(Nc3n[nH]c4ccccc34)nc(-c3c[nH]nn3)nc21
CHEMBL3760058,5.937,6.76,0.686,True,intermediate,CC1(C)OCc2c(Nc3n[nH]c4ccccc34)nc(-c3cc[nH]n3)nc21
CHEMBL1290177,5.93,6.3,0.367,False,intermediate,Clc1ccc(CNc2ccnc3oc4ccccc4c23)cc1
CHEMBL4211341,5.913,6.03,0.265,False,intermediate,O=[N+]([O-])c1cccc(CNc2ccnc3oc4ccc([N+](=O)[O-])cc4c23)c1
CHEMBL2437292,5.907,5.24,0.263,False,intermediate,N=c1scc(-c2ccc(Cl)cc2)n1CC(=O)N1CCN(c2ccccc2)CC1
CHEMBL3736181,5.907,7.24,1.0,True,intermediate,CO[C@H]1CCN(c2nccc(Nc3cc4c(cn3)nc(CO)n4C(C)C)n2)C[C@@H]1F
CHEMBL4208649,5.905,6.17,0.287,False,intermediate,O=[N+]([O-])c1ccc2oc3nccc(NCc4cccc(Br)c4)c3c2c1
CHEMBL3780553,5.902,7.43,0.286,False,intermediate,CN1CCN(c2ccc(NC(=O)c3c(NCCc4ccc(Cl)cc4)cc[nH]c3=O)cc2)CC1
CHEMBL3735782,5.898,7.42,0.465,True,intermediate,Cc1nc2cnc(Nc3ccnc(NCC(C)(C)S(C)(=O)=O)n3)cc2n1C(C)C
CHEMBL4072687,5.883,5.22,0.301,False,intermediate,COc1ccc(CNc2nc(N)nc3[nH]c4cc(C)c(O)cc4c23)cc1
CHEMBL3736395,5.878,7.62,0.697,True,intermediate,COC1(CO)CCN(c2nccc(Nc3cc4c(cn3)nc(C)n4C(C)C)n2)CC1
CHEMBL4217693,5.876,6.5,0.343,False,intermediate,COc1cccc(CNc2ccnc3[nH]c4ccc(N)cc4c23)c1
CHEMBL4080640,5.868,7.05,0.301,False,intermediate,Cc1ccc(CNc2nc(N)nc3[nH]c4ccc(O)cc4c23)cc1
CHEMBL4204320,5.867,5.45,0.255,False,intermediate,Nc1cccc(CNc2ccnc3oc4ccc([N+](=O)[O-])cc4c23)c1
CHEMBL4213049,5.861,5.87,0.29,False,intermediate,O=[N+]([O-])c1ccc2oc3nccc(NCc4cccc(Cl)c4)c3c2c1
CHEMBL2437293,5.861,5.33,0.28,False,intermediate,N=c1scc(-c2ccccc2)n1CC(=O)N1CCN(c2ccccc2)CC1
CHEMBL4060727,5.844,6.19,0.353,False,intermediate,Nc1nc(NCCc2ccccc2)c2c(n1)[nH]c1ccc(O)cc12
CHEMBL3781439,5.837,5.6,0.313,False,intermediate,CN1CCN(c2ccc(NC(=O)c3c(Nc4cccc(Cl)c4)cc[nH]c3=O)cc2)CC1
CHEMBL4084090,5.836,5.9,0.337,False,intermediate,COc1cccc(CNc2nc(N)nc3[nH]c4ccc(O)cc4c23)c1
CHEMBL3780109,5.826,7.31,0.293,False,intermediate,CN1CCN(c2ccc(NC(=O)c3c(NCCc4ccccc4)cc[nH]c3=O)cc2)CC1
CHEMBL3736430,5.814,7.55,0.674,True,intermediate,COC1(CCN)CCN(c2nccc(Nc3cc4c(cn3)nc(C)n4C(C)C)n2)CC1
CHEMBL3736191,5.811,7.3,0.674,True,intermediate,COC1(CCO)CCN(c2nccc(Nc3cc4c(cn3)nc(C)n4C(C)C)n2)CC1
CHEMBL3781433,5.81,7.75,0.402,True,intermediate,CN1CCN(c2ccc(NC(=O)c3c(NC[C@@H](O)c4cccc(Cl)c4)cc[nH]c3=O)cc2)CC1
CHEMBL4083162,5.788,6.96,0.288,False,intermediate,Cc1cc2[nH]c3nc(N)nc(NCc4ccc(Cl)cc4)c3c2cc1O
CHEMBL4083567,5.779,6.05,0.298,False,intermediate,Cc1cc2[nH]c3nc(N)nc(NCc4cccc(Cl)c4)c3c2cc1O
CHEMBL3780037,5.774,7.18,0.287,False,intermediate,CN1CCN(c2ccc(NC(=O)c3c(NCCc4cccc(Cl)c4)cc[nH]c3=O)cc2)CC1
CHEMBL306380,5.766,6.7,0.75,True,intermediate,Cc1ccc(-c2nn(C(C)(C)C)c3ncnc(N)c23)cc1
CHEMBL3780404,5.765,7.06,0.255,False,intermediate,COc1ccccc1Nc1cc[nH]c(=O)c1-c1nc2c(C(C)C)ccc(C)c2[nH]1
CHEMBL4091355,5.746,5.39,0.284,False,intermediate,COc1ccccc1CNc1nc(N)nc2[nH]c3cc(C)c(O)cc3c12
CHEMBL4094157,5.727,6.19,0.369,False,intermediate,Cc1cc2[nH]c3nc(N)nc(NCc4ccccc4)c3c2cc1O
CHEMBL3736210,5.681,7.28,0.48,True,intermediate,Cc1nc2cnc(Nc3ccnc(OCC(C)(C)S(C)(=O)=O)n3)cc2n1C(C)C
CHEMBL4102074,5.671,5.73,0.32,False,intermediate,COc1ccccc1CNc1nc(N)nc2[nH]c3ccc(O)cc3c12
CHEMBL4070420,5.671,6.54,0.319,False,intermediate,Nc1nc(NCc2cccc(Cl)c2)c2c(n1)[nH]c1ccc(O)cc12
CHEMBL4098682,5.659,5.25,0.265,False,intermediate,Cc1ccc(CNc2nc(N)nc3[nH]c4cc(C)c(O)cc4c23)cc1
CHEMBL3780841,5.655,7.24,0.282,False,intermediate,COc1ccccc1Nc1cc[nH]c(=O)c1-c1nc2c(C(C)C)cccc2[nH]1
CHEMBL3715932,5.603,6.16,0.366,False,intermediate,Nc1nc(NCc2ccccc2)c2c(n1)[nH]c1ccc(O)cc12
CHEMBL4061297,5.601,7.1,0.315,False,intermediate,Nc1nc(NCc2ccc(Cl)cc2)c2c(n1)[nH]c1ccc(O)cc12
CHEMBL3780709,5.531,6.46,0.293,False,intermediate,CN1CCN(c2ccc(NC(=O)c3c(NCc4ccccc4)cc[nH]c3=O)cc2)CC1
CHEMBL4090945,5.351,6.57,0.337,False,intermediate,Nc1nc(NCc2ccccc2)c2c(n1)[nH]c1cc(Cl)c(O)cc12
CHEMBL4069965,5.334,6.43,0.345,False,intermediate,Nc1nc(NCc2ccccc2)c2c(n1)[nH]c1cc(Br)c(O)cc12
CHEMBL77298,5.325,4.3,0.604,True,intermediate,COc1cc(C=C(C#N)C#N)cc(Br)c1O
CHEMBL3781817,5.321,6.54,0.239,False,intermediate,CN(C)c1ccc(NC(=O)c2c(NCCc3cccc(Cl)c3)cc[nH]c2=O)cc1
CHEMBL3780006,5.31,6.48,0.309,False,intermediate,O=C(Nc1ccccc1)c1c(NCCc2cccc(Cl)c2)cc[nH]c1=O
CHEMBL77869,5.276,4.17,0.533,True,intermediate,COc1cc(C=C(C#N)C#N)ccc1O
CHEMBL2372245,5.14,4.7,0.177,False,intermediate,CC(C)C[C@H](NC(=O)[C@H](CCCNC(=N)N)NC(=O)[C@@H](N)CCCNC(=N)N)C(=O)N[C@@H](CCC(=O)O)C(=O)N[C@@H](CCC(=O)O)C(=O)N[C@@H](CCC(=O)O)C(=O)N[C@@H](CCC(=O)O)C(=O)N[C@@H](CCC(=O)O)C(=O)N[C@@H](C)C(=O)N[C@@H](Cc1c(F)c(F)c(O)c(F)c1F)C(=O)NCC(=O)O
CHEMBL307179,4.751,4.26,0.567,True,inactive,COc1cc(C=C(C#N)C#N)cc([N+](=O)[O-])c1O
CHEMBL308134,4.559,4.31,0.589,True,inactive,N#CC(C#N)=Cc1ccc(O)c([N+](=O)[O-])c1
